FastAI Contributions 1/2/2020-4/3/2021,,
Name,Additions,Subtractions
sgugger,128788,87081
jph00,113893,202113
borisdayma,5562,5852
muellerzr,5532,4106
Marii-moe,3971,778
moritzschwyzer,2918,2062
lgvaz,2916,2709
tcapelle,2158,1644
asvcode,2030,244
mszhanyi,1264,773
floleuerer,1097,287
amaarora,1075,236
nareshr8,1061,589
philtrade,1055,460
hamelsmu,923,692
chrismilleruk,582,395
morganmcg1,550,52
antorsae,445,1601
rsomani95,443,27
Kamil-kaczmarek,421,121
gkuwanto,359,352
richarddwang,321,262
ohmeow,300,152
tmabraham,293,394
pford221,256,20
